ZIP Code,Area Name,New Parents Density %,Seniors 65+ Count,Remote Workers %,Priority Ranking,Primary Service Opportunities
78681,Round Rock,47,2100,28,1,Tool sharing + childcare exchange
78664,Cedar Park,44,3200,25,2,Tool sharing + elder check-ins
78750,Northwest Hills,25,4200,32,3,Elder check-ins + skill trading
78731,Northwest Austin,28,3800,32,4,Elder check-ins + skill trading
78613,Cedar Park/Leander,42,2800,24,5,Tool sharing + childcare exchange
78746,West Lake Hills,22,3400,35,6,Skill trading + elder check-ins
78717,Austin NW,41,2200,26,7,Tool sharing + childcare exchange
78759,Wells Branch,18,3600,28,8,Elder check-ins + skill trading
78660,Pflugerville,43,1900,23,9,Tool sharing + childcare exchange
78704,South Austin,15,1800,31,10,Skill trading + community building
78703,Central Austin,12,2100,34,11,Skill trading + professional networking
78726,Cedar Park,35,3200,22,12,Tool sharing + elder check-ins